#block size	threads per block	Total threads	IPC/EU GEN
1.0	1.0	1.0	86.9375	
1.0	2.0	2.0	173.875	
1.0	4.0	4.0	347.75	
1.0	8.0	8.0	695.5	
1.0	16.0	16.0	878.5263157894736	
1.0	32.0	32.0	1011.6363636363636	
1.0	64.0	64.0	1011.6363636363636	
1.0	128.0	128.0	1011.6363636363636	
1.0	256.0	256.0	1011.6363636363636	
2.0	256.0	512.0	1011.6363636363636	
3.0	256.0	768.0	1011.6363636363636	
4.0	256.0	1024.0	37.74802565325701	
5.0	256.0	1280.0	71.33809682804674	
6.0	256.0	1536.0	148.70033638789005	
7.0	256.0	1792.0	33.96473634010083	
8.0	256.0	2048.0	45.93330072718869	
9.0	256.0	2304.0	136.31725057067106	
10.0	256.0	2560.0	25.0397410444945	
11.0	256.0	2816.0	24.50258033441134	
12.0	256.0	3072.0	140.00082999333821	
13.0	256.0	3328.0	61.506530317591775	
14.0	256.0	3584.0	41.95216857128431	
15.0	256.0	3840.0	133.8829800566468	
16.0	256.0	4096.0	64.89590523378324	
17.0	256.0	4352.0	46.874086310138345	
18.0	256.0	4608.0	133.58052684228076	
19.0	256.0	4864.0	67.71579842866437	
20.0	256.0	5120.0	52.629302381720684	
21.0	256.0	5376.0	54.02449085746899	
22.0	256.0	5632.0	55.310676252897636	
23.0	256.0	5888.0	47.18921877610754	
24.0	256.0	6144.0	43.790371175011785	
25.0	256.0	6400.0	36.63684837942799	
26.0	256.0	6656.0	33.7183875185281	
27.0	256.0	6912.0	32.574611391941886	
28.0	256.0	7168.0	31.740541366499965	
29.0	256.0	7424.0	31.056502544238473	
30.0	256.0	7680.0	30.275924092533952	
31.0	256.0	7936.0	31.48676377887624	
32.0	256.0	8192.0	36.4031507667668	
64.0	256.0	16384.0	111.33327471153189	
128.0	256.0	32768.0	141.20579111505813	
256.0	256.0	65536.0	209.19728507271907	
512.0	256.0	131072.0	296.1943554688875	
1024.0	256.0	262144.0	326.3838112361106	
2048.0	256.0	524288.0	352.2143615503039	
4096.0	256.0	1048576.0	369.4791244279594	
8192.0	256.0	2097152.0	381.5428394595716	
16384.0	256.0	4194304.0	337.306116810684	
