#block size	threads per block	Total threads	IPC/EU GEN
1.0	1.0	1.0	0.5010806916426513	
1.0	2.0	2.0	1.0021613832853027	
1.0	4.0	4.0	2.0043227665706054	
1.0	8.0	8.0	4.008645533141211	
1.0	16.0	16.0	4.0504731861198735	
1.0	32.0	32.0	4.071716062934504	
1.0	64.0	64.0	4.071716062934504	
1.0	128.0	128.0	4.071716062934504	
1.0	256.0	256.0	4.071716062934504	
2.0	256.0	512.0	4.071716062934504	
3.0	256.0	768.0	4.071716062934504	
4.0	256.0	1024.0	5.426638220054861	
5.0	256.0	1280.0	6.780404582013161	
6.0	256.0	1536.0	8.133016627078385	
7.0	256.0	1792.0	8.15308313008817	
8.0	256.0	2048.0	8.165591463601064	
9.0	256.0	2304.0	8.11858792216971	
10.0	256.0	2560.0	8.131772271281346	
11.0	256.0	2816.0	8.133844157192545	
12.0	256.0	3072.0	8.133145624378647	
13.0	256.0	3328.0	8.138612120707782	
14.0	256.0	3584.0	8.13658730845249	
15.0	256.0	3840.0	8.142542461159314	
16.0	256.0	4096.0	8.13553281275137	
17.0	256.0	4352.0	8.134685105570998	
18.0	256.0	4608.0	8.133900770659526	
19.0	256.0	4864.0	8.134724611288076	
20.0	256.0	5120.0	8.135079010072442	
21.0	256.0	5376.0	7.81019396283116	
22.0	256.0	5632.0	8.133990540590116	
23.0	256.0	5888.0	8.135028104368072	
24.0	256.0	6144.0	8.134737787936409	
25.0	256.0	6400.0	8.1357617467615	
26.0	256.0	6656.0	8.115194883967169	
27.0	256.0	6912.0	8.128519760369691	
28.0	256.0	7168.0	8.050672404113177	
29.0	256.0	7424.0	8.06003801547364	
30.0	256.0	7680.0	8.084814182652407	
31.0	256.0	7936.0	8.085617838058765	
32.0	256.0	8192.0	8.078635812152404	
64.0	256.0	16384.0	8.121105261544974	
128.0	256.0	32768.0	8.121942649017164	
256.0	256.0	65536.0	8.127988680566327	
512.0	256.0	131072.0	8.128976568673307	
1024.0	256.0	262144.0	8.128246259696228	
2048.0	256.0	524288.0	8.12837109934722	
4096.0	256.0	1048576.0	8.128390819168681	
8192.0	256.0	2097152.0	8.12828634748257	
16384.0	256.0	4194304.0	8.128299008057704	
