#block size	threads per block	Total threads	IPC/EU GEN
1.0	1.0	1.0	0.5256410256410257	
1.0	2.0	2.0	1.0512820512820513	
1.0	4.0	4.0	2.1025641025641026	
1.0	8.0	8.0	4.205128205128205	
1.0	16.0	16.0	4.493150684931507	
1.0	32.0	32.0	4.652482269503546	
1.0	64.0	64.0	4.652482269503546	
1.0	128.0	128.0	4.652482269503546	
1.0	256.0	256.0	4.652482269503546	
2.0	256.0	512.0	4.652482269503546	
3.0	256.0	768.0	4.652482269503546	
4.0	256.0	1024.0	5.923250564334086	
5.0	256.0	1280.0	7.084233261339093	
6.0	256.0	1536.0	8.149068322981366	
7.0	256.0	1792.0	8.275737778779003	
8.0	256.0	2048.0	8.356687898089172	
9.0	256.0	2304.0	8.516408222142084	
10.0	256.0	2560.0	8.236032642812305	
11.0	256.0	2816.0	8.209328782707622	
12.0	256.0	3072.0	8.230005227391532	
13.0	256.0	3328.0	8.287657920310982	
14.0	256.0	3584.0	8.288808664259928	
15.0	256.0	3840.0	8.43368330833512	
16.0	256.0	4096.0	8.382549665568533	
17.0	256.0	4352.0	8.361387066541706	
18.0	256.0	4608.0	8.469069392146315	
19.0	256.0	4864.0	8.52530779753762	
20.0	256.0	5120.0	8.52501624431449	
21.0	256.0	5376.0	8.2186509564115	
22.0	256.0	5632.0	7.928581238840819	
23.0	256.0	5888.0	7.874739039665971	
24.0	256.0	6144.0	7.781058874405387	
25.0	256.0	6400.0	7.682623334797248	
26.0	256.0	6656.0	7.603889771239098	
27.0	256.0	6912.0	7.618678925719816	
28.0	256.0	7168.0	7.530183458030132	
29.0	256.0	7424.0	7.4823992133726644	
30.0	256.0	7680.0	7.40824392998306	
31.0	256.0	7936.0	7.350140056022409	
32.0	256.0	8192.0	7.30045427869672	
64.0	256.0	16384.0	6.5070665388005775	
128.0	256.0	32768.0	6.203682069420908	
256.0	256.0	65536.0	6.03879969075316	
512.0	256.0	131072.0	5.962365973159128	
1024.0	256.0	262144.0	5.919616312026269	
2048.0	256.0	524288.0	5.898031950519306	
4096.0	256.0	1048576.0	5.891890410298073	
8192.0	256.0	2097152.0	5.8845753611729394	
16384.0	256.0	4194304.0	5.8830534266950725	
