#block size	threads per block	Total threads	IPC/EU GEN
1.0	1.0	1.0	0.3387096774193548	
1.0	2.0	2.0	1.3225806451612903	
1.0	4.0	4.0	2.6451612903225805	
1.0	8.0	8.0	5.290322580645161	
1.0	16.0	16.0	5.754385964912281	
1.0	32.0	32.0	6.018348623853211	
1.0	64.0	64.0	6.018348623853211	
1.0	128.0	128.0	6.018348623853211	
1.0	256.0	256.0	6.018348623853211	
2.0	256.0	512.0	6.018348623853211	
3.0	256.0	768.0	6.018348623853211	
4.0	256.0	1024.0	7.54429469901168	
5.0	256.0	1280.0	8.777387522997156	
6.0	256.0	1536.0	9.4148602182688	
7.0	256.0	1792.0	9.749469214437367	
8.0	256.0	2048.0	9.67484733264201	
9.0	256.0	2304.0	9.098824889231363	
10.0	256.0	2560.0	9.553977789914436	
11.0	256.0	2816.0	9.448117839607201	
12.0	256.0	3072.0	9.09532062391681	
13.0	256.0	3328.0	9.189655172413794	
14.0	256.0	3584.0	9.169672386895476	
15.0	256.0	3840.0	8.824122856182042	
16.0	256.0	4096.0	9.038049620580162	
17.0	256.0	4352.0	8.977259005836185	
18.0	256.0	4608.0	8.816052263182454	
19.0	256.0	4864.0	9.05690539988192	
20.0	256.0	5120.0	8.88437447096665	
21.0	256.0	5376.0	8.71726319952541	
22.0	256.0	5632.0	8.540276647681042	
23.0	256.0	5888.0	8.478488392512205	
24.0	256.0	6144.0	8.419251336898396	
25.0	256.0	6400.0	8.36494628454844	
26.0	256.0	6656.0	8.333465660976579	
27.0	256.0	6912.0	8.326242801739335	
28.0	256.0	7168.0	8.279234864918163	
29.0	256.0	7424.0	8.187868190988567	
30.0	256.0	7680.0	8.131811373379474	
31.0	256.0	7936.0	8.067840317381602	
32.0	256.0	8192.0	7.985734325590243	
64.0	256.0	16384.0	7.0445169206246	
128.0	256.0	32768.0	6.656433784366283	
256.0	256.0	65536.0	6.48698969121943	
512.0	256.0	131072.0	6.395178939276199	
1024.0	256.0	262144.0	6.363897643832891	
2048.0	256.0	524288.0	6.342718157550206	
4096.0	256.0	1048576.0	6.33127104729778	
8192.0	256.0	2097152.0	6.3273620822317165	
16384.0	256.0	4194304.0	6.327200981819878	
