#block size	threads per block	Total threads	IPC/EU GEN
1.0	1.0	1.0	0.1792564479268691	
1.0	2.0	2.0	0.3585128958537382	
1.0	4.0	4.0	0.7170257917074764	
1.0	8.0	8.0	1.4340515834149528	
1.0	16.0	16.0	1.4389255149256788	
1.0	32.0	32.0	1.441374925654751	
1.0	64.0	64.0	1.441374925654751	
1.0	128.0	128.0	1.441374925654751	
1.0	256.0	256.0	1.441374925654751	
2.0	256.0	512.0	1.441374925654751	
3.0	256.0	768.0	1.441374925654751	
4.0	256.0	1024.0	1.92169529180552	
5.0	256.0	1280.0	2.4019467115066506	
6.0	256.0	1536.0	2.8821291996022103	
7.0	256.0	1792.0	2.966771679273896	
8.0	256.0	2048.0	3.0372204549429314	
9.0	256.0	2304.0	3.102172586305567	
10.0	256.0	2560.0	2.9874756258700064	
11.0	256.0	2816.0	2.9275217500072777	
12.0	256.0	3072.0	2.89189191795702	
13.0	256.0	3328.0	2.890159433626625	
14.0	256.0	3584.0	2.882597566347112	
15.0	256.0	3840.0	2.869353180917658	
16.0	256.0	4096.0	2.878153955820383	
17.0	256.0	4352.0	2.8945152151562548	
18.0	256.0	4608.0	2.8936728926321185	
19.0	256.0	4864.0	2.897139841368077	
20.0	256.0	5120.0	2.8973009017091544	
21.0	256.0	5376.0	2.897922753328998	
22.0	256.0	5632.0	2.8975750663792974	
23.0	256.0	5888.0	2.8999860680233667	
24.0	256.0	6144.0	2.885072121404386	
25.0	256.0	6400.0	2.9002161905249735	
26.0	256.0	6656.0	2.8970369771427573	
27.0	256.0	6912.0	2.8922679955944797	
28.0	256.0	7168.0	2.899253967046666	
29.0	256.0	7424.0	2.8972176425261775	
30.0	256.0	7680.0	2.8971697707699784	
31.0	256.0	7936.0	2.8993706807730657	
32.0	256.0	8192.0	2.897318841381976	
64.0	256.0	16384.0	2.894874422813889	
128.0	256.0	32768.0	2.8969987192665303	
256.0	256.0	65536.0	2.8963582355144486	
512.0	256.0	131072.0	2.8961412345487387	
1024.0	256.0	262144.0	2.8963770683724626	
2048.0	256.0	524288.0	2.884486920088883	
4096.0	256.0	1048576.0	2.893423341243182	
8192.0	256.0	2097152.0	2.893446616092334	
16384.0	256.0	4194304.0	2.8947302703828806	
