#block size	threads per block	Total threads	IPC/EU GEN
1.0	1.0	1.0	0.9801660516605166	
1.0	2.0	2.0	1.9603321033210332	
1.0	4.0	4.0	3.9206642066420665	
1.0	8.0	8.0	7.841328413284133	
1.0	16.0	16.0	8.011310084825636	
1.0	32.0	32.0	8.099094807050976	
1.0	64.0	64.0	8.099094807050976	
1.0	128.0	128.0	8.099094807050976	
1.0	256.0	256.0	8.099094807050976	
2.0	256.0	512.0	8.099094807050976	
3.0	256.0	768.0	8.099094807050976	
4.0	256.0	1024.0	10.78081648830757	
5.0	256.0	1280.0	13.453624564735676	
6.0	256.0	1536.0	16.117563403650156	
7.0	256.0	1792.0	16.122340110248356	
8.0	256.0	2048.0	16.12449055205632	
9.0	256.0	2304.0	16.12430468876074	
10.0	256.0	2560.0	16.1204290878919	
11.0	256.0	2816.0	16.1270761858818	
12.0	256.0	3072.0	16.128992407415186	
13.0	256.0	3328.0	16.12678866655265	
14.0	256.0	3584.0	16.129134732067033	
15.0	256.0	3840.0	16.121957869530686	
16.0	256.0	4096.0	16.12980938508808	
17.0	256.0	4352.0	16.1265853245981	
18.0	256.0	4608.0	16.127146209906535	
19.0	256.0	4864.0	16.128654733501133	
20.0	256.0	5120.0	16.12881706689753	
21.0	256.0	5376.0	15.668181275810188	
22.0	256.0	5632.0	16.001861179040876	
23.0	256.0	5888.0	16.132401216118993	
24.0	256.0	6144.0	16.130825741121004	
25.0	256.0	6400.0	16.128496681798993	
26.0	256.0	6656.0	16.13243561682272	
27.0	256.0	6912.0	16.265114275494803	
28.0	256.0	7168.0	16.051476004455466	
29.0	256.0	7424.0	16.1367037386705	
30.0	256.0	7680.0	16.08488720374289	
31.0	256.0	7936.0	16.109280221617233	
32.0	256.0	8192.0	16.104948608117233	
64.0	256.0	16384.0	16.07980786994273	
128.0	256.0	32768.0	16.037983339678785	
256.0	256.0	65536.0	16.014351095880958	
512.0	256.0	131072.0	16.00242683862902	
1024.0	256.0	262144.0	15.995752965865796	
2048.0	256.0	524288.0	15.994912234158514	
4096.0	256.0	1048576.0	15.992856935789128	
8192.0	256.0	2097152.0	15.992240380406242	
16384.0	256.0	4194304.0	15.897137992349366	
