#block size	threads per block	Total threads	FLOP/cy (using C instructions)
1.0	1.0	1.0	0.9936923823386705	
1.0	2.0	2.0	1.987384764677341	
1.0	4.0	4.0	3.974769529354682	
1.0	8.0	8.0	7.949539058709364	
1.0	16.0	16.0	8.0303884327901	
1.0	32.0	32.0	8.071432970010468	
1.0	64.0	64.0	8.071432970010468	
1.0	128.0	128.0	8.071432970010468	
1.0	256.0	256.0	8.071432970010468	
2.0	256.0	512.0	8.071432970010468	
3.0	256.0	768.0	8.071432970010468	
4.0	256.0	1024.0	10.759591606382433	
5.0	256.0	1280.0	13.446591981615988	
6.0	256.0	1536.0	16.132434844149053	
7.0	256.0	1792.0	16.129776008051667	
8.0	256.0	2048.0	16.13068212956491	
9.0	256.0	2304.0	16.128685154105668	
10.0	256.0	2560.0	16.13195087073144	
11.0	256.0	2816.0	16.133100496049718	
12.0	256.0	3072.0	16.134058642321587	
13.0	256.0	3328.0	16.133103099750397	
14.0	256.0	3584.0	16.1323018815259	
15.0	256.0	3840.0	16.132848519660083	
16.0	256.0	4096.0	16.132652021147088	
17.0	256.0	4352.0	16.133865764960156	
18.0	256.0	4608.0	16.13404140283242	
19.0	256.0	4864.0	16.133662869229745	
20.0	256.0	5120.0	16.133564228395322	
21.0	256.0	5376.0	16.039631264907342	
22.0	256.0	5632.0	16.044456901774033	
23.0	256.0	5888.0	16.132186649025368	
24.0	256.0	6144.0	16.132196990336386	
25.0	256.0	6400.0	16.131948388891317	
26.0	256.0	6656.0	16.119815215893844	
27.0	256.0	6912.0	16.086579806170462	
28.0	256.0	7168.0	16.165210372558025	
29.0	256.0	7424.0	16.129850565762307	
30.0	256.0	7680.0	16.130333700134447	
31.0	256.0	7936.0	16.06834688227657	
32.0	256.0	8192.0	16.11264202342291	
64.0	256.0	16384.0	16.102864275583197	
128.0	256.0	32768.0	16.12331771888552	
256.0	256.0	65536.0	16.11669685096183	
512.0	256.0	131072.0	16.11724068096675	
1024.0	256.0	262144.0	16.115850818301595	
