#block size	threads per block	Total threads	FLOP/cy (using C instructions)
1.0	1.0	1.0	0.47232472324723246	
1.0	2.0	2.0	0.9446494464944649	
1.0	4.0	4.0	1.8892988929889298	
1.0	8.0	8.0	3.7785977859778597	
1.0	16.0	16.0	3.8605089538171535	
1.0	32.0	32.0	3.902810862315388	
1.0	64.0	64.0	3.902810862315388	
1.0	128.0	128.0	3.902810862315388	
1.0	256.0	256.0	3.902810862315388	
2.0	256.0	512.0	3.902810862315388	
3.0	256.0	768.0	3.9028108623153885	
4.0	256.0	1024.0	5.195085216012683	
5.0	256.0	1280.0	6.483064260842038	
6.0	256.0	1536.0	7.766769376629533	
7.0	256.0	1792.0	7.771407275021917	
8.0	256.0	2048.0	7.767517315456128	
9.0	256.0	2304.0	7.771963170984797	
10.0	256.0	2560.0	7.7668844347658625	
11.0	256.0	2816.0	7.771583809919092	
12.0	256.0	3072.0	7.771681555854217	
13.0	256.0	3328.0	7.771959232170916	
14.0	256.0	3584.0	7.770420024306276	
15.0	256.0	3840.0	7.772756923441855	
16.0	256.0	4096.0	7.772324820345189	
17.0	256.0	4352.0	7.770656167338277	
18.0	256.0	4608.0	7.771246372610699	
19.0	256.0	4864.0	7.772975267488171	
20.0	256.0	5120.0	7.774889335419339	
21.0	256.0	5376.0	7.554820585801391	
22.0	256.0	5632.0	7.726676286212297	
23.0	256.0	5888.0	7.771334295731078	
24.0	256.0	6144.0	7.773813377749551	
25.0	256.0	6400.0	7.772756923441855	
26.0	256.0	6656.0	7.776126759277852	
27.0	256.0	6912.0	7.738424432728872	
28.0	256.0	7168.0	7.7789845396005814	
29.0	256.0	7424.0	7.701260416518933	
30.0	256.0	7680.0	7.753323421892191	
31.0	256.0	7936.0	7.731264930545315	
32.0	256.0	8192.0	7.743547280862326	
64.0	256.0	16384.0	7.743257794042241	
128.0	256.0	32768.0	7.716958645784797	
256.0	256.0	65536.0	7.715730699309286	
512.0	256.0	131072.0	7.710537102403261	
1024.0	256.0	262144.0	7.708562251556262	
2048.0	256.0	524288.0	7.707072760058175	
4096.0	256.0	1048576.0	7.706658051316965	
8192.0	256.0	2097152.0	7.706452815488297	
16384.0	256.0	4194304.0	7.660762391572387	
