#block size	threads per block	Total threads	IPC/EU GEN
1.0	1.0	1.0	0.5015162542455119	
1.0	2.0	2.0	1.0030325084910239	
1.0	4.0	4.0	2.0060650169820478	
1.0	8.0	8.0	4.0121300339640955	
1.0	16.0	16.0	4.052934689376302	
1.0	32.0	32.0	4.073649855286655	
1.0	64.0	64.0	4.073649855286655	
1.0	128.0	128.0	4.073649855286655	
1.0	256.0	256.0	4.073649855286655	
2.0	256.0	512.0	4.073649855286655	
3.0	256.0	768.0	4.073649855286655	
4.0	256.0	1024.0	5.430362731517111	
5.0	256.0	1280.0	6.786491033690345	
6.0	256.0	1536.0	8.142035139542756	
7.0	256.0	1792.0	8.121334025363604	
8.0	256.0	2048.0	8.118389602271147	
9.0	256.0	2304.0	8.131234859387563	
10.0	256.0	2560.0	8.159107027227035	
11.0	256.0	2816.0	8.174712127169578	
12.0	256.0	3072.0	8.165551079922043	
13.0	256.0	3328.0	8.172843839977666	
14.0	256.0	3584.0	8.156385441631228	
15.0	256.0	3840.0	8.135095064135722	
16.0	256.0	4096.0	8.158153872686373	
17.0	256.0	4352.0	8.159935857318814	
18.0	256.0	4608.0	8.151650202296112	
19.0	256.0	4864.0	8.147819609706866	
20.0	256.0	5120.0	8.145384248654501	
21.0	256.0	5376.0	8.097914976722258	
22.0	256.0	5632.0	8.103504058885465	
23.0	256.0	5888.0	8.100284878291601	
24.0	256.0	6144.0	8.144619569504	
25.0	256.0	6400.0	8.143863179848518	
26.0	256.0	6656.0	8.110507570730565	
27.0	256.0	6912.0	8.100109436945358	
28.0	256.0	7168.0	8.110485716248313	
29.0	256.0	7424.0	8.108100511878767	
30.0	256.0	7680.0	8.1089651384033	
31.0	256.0	7936.0	8.119378756538099	
32.0	256.0	8192.0	8.108466808320188	
64.0	256.0	16384.0	8.139232300832587	
128.0	256.0	32768.0	8.149207054213562	
256.0	256.0	65536.0	8.13654524745634	
512.0	256.0	131072.0	8.13697730728451	
1024.0	256.0	262144.0	8.137176095872926	
2048.0	256.0	524288.0	8.137112743937656	
4096.0	256.0	1048576.0	8.136932689622492	
8192.0	256.0	2097152.0	8.136645454616126	
16384.0	256.0	4194304.0	8.124215495883348	
