#block size	threads per block	Total threads	IPC/EU GEN
1.0	1.0	1.0	0.26	
1.0	2.0	2.0	0.52	
1.0	4.0	4.0	1.04	
1.0	8.0	8.0	2.08	
1.0	16.0	16.0	2.1517241379310343	
1.0	32.0	32.0	2.1517241379310343	
1.0	64.0	64.0	2.1517241379310343	
1.0	128.0	128.0	2.1517241379310343	
1.0	256.0	256.0	2.1517241379310343	
2.0	256.0	512.0	2.791946308724832	
3.0	256.0	768.0	3.9745222929936306	
4.0	256.0	1024.0	3.9776892430278883	
5.0	256.0	1280.0	4.086444007858546	
6.0	256.0	1536.0	4.038834951456311	
7.0	256.0	1792.0	4.070829450139795	
8.0	256.0	2048.0	4.13416149068323	
9.0	256.0	2304.0	4.197309417040358	
10.0	256.0	2560.0	4.089121887287025	
11.0	256.0	2816.0	3.8314261791794584	
12.0	256.0	3072.0	3.7031496306370353	
13.0	256.0	3328.0	3.68152035172316	
14.0	256.0	3584.0	3.6198270057492103	
15.0	256.0	3840.0	3.5570756733646856	
16.0	256.0	4096.0	3.5077733860342555	
17.0	256.0	4352.0	3.459953113851799	
18.0	256.0	4608.0	3.4095772937694466	
19.0	256.0	4864.0	3.359948988628715	
20.0	256.0	5120.0	3.346573482829705	
21.0	256.0	5376.0	3.3237266371807674	
22.0	256.0	5632.0	3.3089484784573666	
23.0	256.0	5888.0	3.269481027977504	
24.0	256.0	6144.0	3.269066004529455	
25.0	256.0	6400.0	3.262190738828696	
26.0	256.0	6656.0	3.242368223832126	
27.0	256.0	6912.0	3.222608758024603	
28.0	256.0	7168.0	3.2142389017281223	
29.0	256.0	7424.0	3.1945979941081064	
30.0	256.0	7680.0	3.187196731080276	
31.0	256.0	7936.0	3.169329073482428	
32.0	256.0	8192.0	3.174878266918414	
64.0	256.0	16384.0	3.0439314398955784	
128.0	256.0	32768.0	2.9776389092764624	
256.0	256.0	65536.0	2.950017486089037	
512.0	256.0	131072.0	2.933385208916862	
1024.0	256.0	262144.0	2.9269707120158035	
2048.0	256.0	524288.0	2.92156737231951	
4096.0	256.0	1048576.0	2.919855815280196	
8192.0	256.0	2097152.0	2.9182929699830775	
16384.0	256.0	4194304.0	2.917347751214925	
