#block size	threads per block	Total threads	IPC/EU GEN
1.0	1.0	1.0	0.45652173913043476	
1.0	2.0	2.0	0.9130434782608695	
1.0	4.0	4.0	1.826086956521739	
1.0	8.0	8.0	3.652173913043478	
1.0	16.0	16.0	4.097560975609756	
1.0	32.0	32.0	4.363636363636363	
1.0	64.0	64.0	4.363636363636363	
1.0	128.0	128.0	4.363636363636363	
1.0	256.0	256.0	4.363636363636363	
2.0	256.0	512.0	4.363636363636363	
3.0	256.0	768.0	4.363636363636363	
4.0	256.0	1024.0	5.354581673306773	
5.0	256.0	1280.0	6.199261992619927	
6.0	256.0	1536.0	6.927835051546392	
7.0	256.0	1792.0	7.236923076923077	
8.0	256.0	2048.0	7.487465181058496	
9.0	256.0	2304.0	7.694656488549619	
10.0	256.0	2560.0	7.525195968645017	
11.0	256.0	2816.0	7.392	
12.0	256.0	3072.0	7.291139240506329	
13.0	256.0	3328.0	7.322715842414082	
14.0	256.0	3584.0	7.390416339355852	
15.0	256.0	3840.0	7.433628318584071	
16.0	256.0	4096.0	7.456310679611651	
17.0	256.0	4352.0	7.476439790575916	
18.0	256.0	4608.0	7.4944237918215615	
19.0	256.0	4864.0	7.4443553676845715	
20.0	256.0	5120.0	7.389690721649485	
21.0	256.0	5376.0	7.206434316353888	
22.0	256.0	5632.0	7.1749575345789856	
23.0	256.0	5888.0	7.170078283560453	
24.0	256.0	6144.0	7.098591549295775	
25.0	256.0	6400.0	7.057711495037546	
26.0	256.0	6656.0	7.06724643543331	
27.0	256.0	6912.0	7.052375862404042	
28.0	256.0	7168.0	7.076344490409928	
29.0	256.0	7424.0	7.038555304740406	
30.0	256.0	7680.0	6.984841922910351	
31.0	256.0	7936.0	7.0375406443984625	
32.0	256.0	8192.0	7.00028484231943	
64.0	256.0	16384.0	6.379234263465282	
128.0	256.0	32768.0	5.763312618301814	
256.0	256.0	65536.0	5.423690339666363	
512.0	256.0	131072.0	5.2995192428026	
1024.0	256.0	262144.0	5.216939389947698	
2048.0	256.0	524288.0	5.1836823475905165	
4096.0	256.0	1048576.0	5.170760206453794	
8192.0	256.0	2097152.0	5.161101728692003	
16384.0	256.0	4194304.0	5.155471436775864	
