#block size	threads per block	Total threads	GPU Power (pkg – pp0 – dram) (OCL_TIMER)
1.0	1.0	1.0	0.030044303611771263	
1.0	2.0	2.0	0.059796493379465396	
1.0	4.0	4.0	0.12017721444708505	
1.0	8.0	8.0	0.24064744503033061	
1.0	16.0	16.0	0.48129489006066123	
1.0	32.0	32.0	0.920889188657505	
1.0	64.0	64.0	1.8396070175438597	
1.0	128.0	128.0	3.6878578563088222	
1.0	256.0	256.0	7.341324073036854	
2.0	256.0	512.0	14.699732241739447	
3.0	256.0	768.0	21.94683745656997	
4.0	256.0	1024.0	29.228599303135887	
5.0	256.0	1280.0	36.11644599975201	
6.0	256.0	1536.0	43.092164383561645	
7.0	256.0	1792.0	46.40714186361165	
8.0	256.0	2048.0	42.908480818414326	
9.0	256.0	2304.0	59.29145671814332	
10.0	256.0	2560.0	61.20141012770527	
11.0	256.0	2816.0	67.25638782959568	
12.0	256.0	3072.0	72.87428908991927	
13.0	256.0	3328.0	74.35411166626666	
14.0	256.0	3584.0	79.42296330761657	
15.0	256.0	3840.0	84.79051212938005	
16.0	256.0	4096.0	85.16353299492386	
17.0	256.0	4352.0	89.9538366823774	
18.0	256.0	4608.0	94.450233693966	
19.0	256.0	4864.0	94.79622774378349	
20.0	256.0	5120.0	99.94433642151817	
21.0	256.0	5376.0	94.77775960470701	
22.0	256.0	5632.0	87.99261536583691	
23.0	256.0	5888.0	86.49383141102886	
24.0	256.0	6144.0	85.45329340097386	
25.0	256.0	6400.0	84.56258064516129	
26.0	256.0	6656.0	87.75654883379578	
27.0	256.0	6912.0	91.27929740395403	
28.0	256.0	7168.0	94.91461601127591	
29.0	256.0	7424.0	98.04009465898906	
30.0	256.0	7680.0	101.14946076823645	
31.0	256.0	7936.0	104.97069746113554	
32.0	256.0	8192.0	107.71888282504013	
64.0	256.0	16384.0	137.33074124248463	
128.0	256.0	32768.0	158.77554091301621	
256.0	256.0	65536.0	178.1065711582431	
512.0	256.0	131072.0	187.54306737733586	
1024.0	256.0	262144.0	191.56931998662617	
2048.0	256.0	524288.0	195.35678178385797	
4096.0	256.0	1048576.0	195.80210297162841	
8192.0	256.0	2097152.0	197.24156811133858	
