#block size	threads per block	Total threads	GPU Power (pkg – pp0 – dram) (OCL_TIMER)
1.0	1.0	1.0	0.05098776343470305	
1.0	2.0	2.0	0.10187027457222443	
1.0	4.0	4.0	0.20290034551511474	
1.0	8.0	8.0	0.4070609572789724	
1.0	16.0	16.0	0.814111801242236	
1.0	32.0	32.0	1.4965461333820491	
1.0	64.0	64.0	2.9959314285714287	
1.0	128.0	128.0	6.014822293095932	
1.0	256.0	256.0	12.041110205206527	
2.0	256.0	512.0	23.74143298653957	
3.0	256.0	768.0	35.27906063902565	
4.0	256.0	1024.0	46.82031188953261	
5.0	256.0	1280.0	58.30799515108378	
6.0	256.0	1536.0	69.90506666666667	
7.0	256.0	1792.0	69.24558490566038	
8.0	256.0	2048.0	78.9523477868027	
9.0	256.0	2304.0	88.26644967591683	
10.0	256.0	2560.0	87.86974265291244	
11.0	256.0	2816.0	96.32093796190365	
12.0	256.0	3072.0	104.56742539453018	
13.0	256.0	3328.0	101.47534857406595	
14.0	256.0	3584.0	108.94296103896104	
15.0	256.0	3840.0	115.793952868596	
16.0	256.0	4096.0	112.41015745393635	
17.0	256.0	4352.0	119.43659253998352	
18.0	256.0	4608.0	125.6197537437604	
19.0	256.0	4864.0	121.29720120061614	
20.0	256.0	5120.0	126.33521888686076	
21.0	256.0	5376.0	109.46231470526828	
22.0	256.0	5632.0	87.76931359456385	
23.0	256.0	5888.0	91.78816284743235	
24.0	256.0	6144.0	101.88633962080819	
25.0	256.0	6400.0	99.3598223118412	
26.0	256.0	6656.0	103.46519721137462	
27.0	256.0	6912.0	106.83644843942807	
28.0	256.0	7168.0	111.1427208649107	
29.0	256.0	7424.0	114.85861702971494	
30.0	256.0	7680.0	118.63285124356533	
31.0	256.0	7936.0	122.58727961835083	
32.0	256.0	8192.0	125.94751066002041	
64.0	256.0	16384.0	141.6548932029408	
128.0	256.0	32768.0	168.63345537331924	
256.0	256.0	65536.0	185.97311643954248	
512.0	256.0	131072.0	191.0863690270262	
1024.0	256.0	262144.0	195.23249508028547	
2048.0	256.0	524288.0	196.17473688633837	
4096.0	256.0	1048576.0	197.13894798512362	
8192.0	256.0	2097152.0	196.28794037700413	
