#block size	threads per block	Total threads	FLOP/cy (using C instructions)
1.0	1.0	1.0	1.9158091674462114	
1.0	2.0	2.0	3.831618334892423	
1.0	4.0	4.0	7.663236669784846	
1.0	8.0	8.0	15.326473339569691	
1.0	16.0	16.0	30.652946679139383	
1.0	32.0	32.0	61.305893358278766	
1.0	64.0	64.0	61.305893358278766	
1.0	128.0	128.0	61.305893358278766	
1.0	256.0	256.0	61.305893358278766	
2.0	256.0	512.0	61.305893358278766	
3.0	256.0	768.0	61.305893358278766	
4.0	256.0	1024.0	79.60643789857274	
5.0	256.0	1280.0	96.91807157645667	
6.0	256.0	1536.0	113.32281422241437	
7.0	256.0	1792.0	116.10300537804493	
8.0	256.0	2048.0	118.19269028094796	
9.0	256.0	2304.0	119.88292682926829	
10.0	256.0	2560.0	119.76608187134502	
11.0	256.0	2816.0	119.67065073041168	
12.0	256.0	3072.0	119.5912408759124	
13.0	256.0	3328.0	119.9005013633565	
14.0	256.0	3584.0	120.18850190761572	
15.0	256.0	3840.0	120.5444512568976	
16.0	256.0	4096.0	120.52597701149425	
17.0	256.0	4352.0	120.55205994535667	
18.0	256.0	4608.0	120.48904550329401	
19.0	256.0	4864.0	120.50046269694862	
20.0	256.0	5120.0	120.62372382217774	
21.0	256.0	5376.0	115.97337153450746	
22.0	256.0	5632.0	112.46153321145641	
23.0	256.0	5888.0	113.66248945485736	
24.0	256.0	6144.0	115.09217133605907	
25.0	256.0	6400.0	117.49171959106657	
26.0	256.0	6656.0	117.97404508141743	
27.0	256.0	6912.0	117.97463121926826	
28.0	256.0	7168.0	118.65698339375277	
29.0	256.0	7424.0	118.06775304500432	
30.0	256.0	7680.0	118.67626420390239	
31.0	256.0	7936.0	120.03861223434703	
32.0	256.0	8192.0	119.9799475805154	
64.0	256.0	16384.0	118.41960529659222	
128.0	256.0	32768.0	120.64645011901251	
256.0	256.0	65536.0	121.23338951605182	
512.0	256.0	131072.0	121.28608439565127	
1024.0	256.0	262144.0	121.39397225582526	
2048.0	256.0	524288.0	121.41315518019744	
