#block size	threads per block	Total threads	FLOP/cy (using C instructions)
1.0	1.0	1.0	0.13559322033898305	
1.0	2.0	2.0	0.2711864406779661	
1.0	4.0	4.0	0.5423728813559322	
1.0	8.0	8.0	1.0847457627118644	
1.0	16.0	16.0	1.1327433628318584	
1.0	32.0	32.0	1.1327433628318584	
1.0	64.0	64.0	1.1327433628318584	
1.0	128.0	128.0	1.1327433628318584	
1.0	256.0	256.0	1.1327433628318584	
2.0	256.0	512.0	1.4314170889393674	
3.0	256.0	768.0	2.036460059661916	
4.0	256.0	1024.0	1.9754039064383893	
5.0	256.0	1280.0	1.9469531324270366	
6.0	256.0	1536.0	1.8774637127578302	
7.0	256.0	1792.0	1.834186284544524	
8.0	256.0	2048.0	1.823179213264341	
9.0	256.0	2304.0	2.004676708902061	
10.0	256.0	2560.0	2.020122312093115	
11.0	256.0	2816.0	1.9087481465791147	
12.0	256.0	3072.0	1.8296605122096488	
13.0	256.0	3328.0	1.7924394923755342	
14.0	256.0	3584.0	1.7485059153555311	
15.0	256.0	3840.0	1.7009024970931843	
16.0	256.0	4096.0	1.649077778616542	
17.0	256.0	4352.0	1.6121130738777119	
18.0	256.0	4608.0	1.5780821917808219	
19.0	256.0	4864.0	1.5417714998910397	
20.0	256.0	5120.0	1.5300423974150652	
21.0	256.0	5376.0	1.5053552677633881	
22.0	256.0	5632.0	1.4990434681350124	
23.0	256.0	5888.0	1.4836840115912813	
24.0	256.0	6144.0	1.479145350586819	
25.0	256.0	6400.0	1.4695541108767096	
26.0	256.0	6656.0	1.4488266104346643	
27.0	256.0	6912.0	1.4479562177590404	
28.0	256.0	7168.0	1.4301497636950855	
29.0	256.0	7424.0	1.4279840832862485	
30.0	256.0	7680.0	1.4215312001110572	
31.0	256.0	7936.0	1.423370101336203	
32.0	256.0	8192.0	1.4157701447396847	
64.0	256.0	16384.0	1.337271526151743	
128.0	256.0	32768.0	1.304027081006733	
256.0	256.0	65536.0	1.2897201319514997	
512.0	256.0	131072.0	1.2829081548382992	
1024.0	256.0	262144.0	1.2793554029021632	
2048.0	256.0	524288.0	1.2782239521319407	
4096.0	256.0	1048576.0	1.277928845027548	
8192.0	256.0	2097152.0	1.277452832810554	
16384.0	256.0	4194304.0	1.276966046285218	
