#block size	threads per block	Total threads	FLOP/cy (using C instructions)
1.0	1.0	1.0	3.5898334794040316	
1.0	2.0	2.0	7.179666958808063	
1.0	4.0	4.0	14.359333917616127	
1.0	8.0	8.0	28.718667835232253	
1.0	16.0	16.0	57.437335670464506	
1.0	32.0	32.0	114.87467134092901	
1.0	64.0	64.0	114.87467134092901	
1.0	128.0	128.0	114.87467134092901	
1.0	256.0	256.0	114.87467134092901	
2.0	256.0	512.0	114.87467134092901	
3.0	256.0	768.0	114.87467134092901	
4.0	256.0	1024.0	148.92165669548544	
5.0	256.0	1280.0	181.17004734095858	
6.0	256.0	1536.0	212.27667184020515	
7.0	256.0	1792.0	217.54688796680497	
8.0	256.0	2048.0	222.19712340741134	
9.0	256.0	2304.0	225.69436074042187	
10.0	256.0	2560.0	225.4759703257714	
11.0	256.0	2816.0	225.27340019335372	
12.0	256.0	3072.0	225.1129240017175	
13.0	256.0	3328.0	225.81026057282955	
14.0	256.0	3584.0	226.48128606251348	
15.0	256.0	3840.0	227.04968675116206	
16.0	256.0	4096.0	226.94761618115535	
17.0	256.0	4352.0	226.74220588422352	
18.0	256.0	4608.0	226.5395362235345	
19.0	256.0	4864.0	226.5850535102983	
20.0	256.0	5120.0	226.4926424926425	
21.0	256.0	5376.0	217.68345089045192	
22.0	256.0	5632.0	217.18641259320628	
23.0	256.0	5888.0	214.91042594902868	
24.0	256.0	6144.0	215.76747775091312	
25.0	256.0	6400.0	219.6412262988999	
26.0	256.0	6656.0	221.2365170818794	
27.0	256.0	6912.0	221.36385813473447	
28.0	256.0	7168.0	220.6715420634503	
29.0	256.0	7424.0	219.1499846855125	
30.0	256.0	7680.0	224.3671208841371	
31.0	256.0	7936.0	225.10045288976912	
32.0	256.0	8192.0	225.71789326400125	
64.0	256.0	16384.0	222.540855392421	
128.0	256.0	32768.0	225.6579329638995	
256.0	256.0	65536.0	226.64256670043903	
512.0	256.0	131072.0	226.64907300614843	
1024.0	256.0	262144.0	226.8466166110875	
2048.0	256.0	524288.0	226.8745005751669	
