#block size	threads per block	Total threads	Theoretical GFLOP/s
1.0	1.0	1.0	0.41831667368797315	
1.0	2.0	2.0	0.8353110621104554	
1.0	4.0	4.0	1.669728276793335	
1.0	8.0	8.0	3.346533389503785	
1.0	16.0	16.0	5.5974206222108345	
1.0	32.0	32.0	11.189943120577972	
1.0	64.0	64.0	22.290445670312383	
1.0	128.0	128.0	44.36492103954898	
1.0	256.0	256.0	87.34403015378848	
2.0	256.0	512.0	171.19782854927092	
3.0	256.0	768.0	249.7873328767531	
4.0	256.0	1024.0	250.56327847307267	
5.0	256.0	1280.0	253.75425010587452	
6.0	256.0	1536.0	297.16277586878743	
7.0	256.0	1792.0	291.9604622024224	
8.0	256.0	2048.0	287.6616071773022	
9.0	256.0	2304.0	317.3842958877389	
10.0	256.0	2560.0	313.2520510398034	
11.0	256.0	2816.0	252.75058206101642	
12.0	256.0	3072.0	235.12704526502898	
13.0	256.0	3328.0	236.87727994474045	
14.0	256.0	3584.0	252.33503862144536	
15.0	256.0	3840.0	269.44194741316363	
16.0	256.0	4096.0	286.5108526734635	
17.0	256.0	4352.0	303.6070060697414	
18.0	256.0	4608.0	321.43818387731295	
19.0	256.0	4864.0	323.1038032471837	
20.0	256.0	5120.0	337.59962652629207	
21.0	256.0	5376.0	287.0638786045784	
22.0	256.0	5632.0	284.67145979647967	
23.0	256.0	5888.0	288.5964528621367	
24.0	256.0	6144.0	301.859333838115	
25.0	256.0	6400.0	308.4251163679949	
26.0	256.0	6656.0	317.0703386676591	
27.0	256.0	6912.0	327.48006280887535	
28.0	256.0	7168.0	338.97572281697296	
29.0	256.0	7424.0	344.9018643755405	
30.0	256.0	7680.0	349.87083077872734	
31.0	256.0	7936.0	317.61563462217265	
32.0	256.0	8192.0	315.6530485775735	
64.0	256.0	16384.0	355.0064386011896	
128.0	256.0	32768.0	379.52739386848725	
256.0	256.0	65536.0	389.1324134819326	
512.0	256.0	131072.0	391.5194237957017	
1024.0	256.0	262144.0	393.8711437302687	
2048.0	256.0	524288.0	395.7177664118744	
4096.0	256.0	1048576.0	397.0484236364218	
8192.0	256.0	2097152.0	396.7611133088449	
