#block size	threads per block	Total threads	FLOP/cy (using C instructions)
1.0	1.0	1.0	0.4918347742555235	
1.0	2.0	2.0	0.983669548511047	
1.0	4.0	4.0	1.967339097022094	
1.0	8.0	8.0	3.934678194044188	
1.0	16.0	16.0	3.975734045134676	
1.0	32.0	32.0	3.9965849493840713	
1.0	64.0	64.0	3.9965849493840713	
1.0	128.0	128.0	3.9965849493840713	
1.0	256.0	256.0	3.9965849493840713	
2.0	256.0	512.0	3.9965849493840713	
3.0	256.0	768.0	3.9965849493840713	
4.0	256.0	1024.0	5.3265061465000505	
5.0	256.0	1280.0	6.655292875132018	
6.0	256.0	1536.0	7.982946586272002	
7.0	256.0	1792.0	7.998422116521465	
8.0	256.0	2048.0	8.004992738009127	
9.0	256.0	2304.0	7.993034498880302	
10.0	256.0	2560.0	7.99638225198713	
11.0	256.0	2816.0	8.000421719672945	
12.0	256.0	3072.0	7.992616480670666	
13.0	256.0	3328.0	7.988630776254262	
14.0	256.0	3584.0	7.985482586501765	
15.0	256.0	3840.0	7.986708318269156	
16.0	256.0	4096.0	7.985093288314937	
17.0	256.0	4352.0	7.9836616528961155	
18.0	256.0	4608.0	7.983182941344164	
19.0	256.0	4864.0	7.985432746899589	
20.0	256.0	5120.0	7.985448270268604	
21.0	256.0	5376.0	7.666633126743655	
22.0	256.0	5632.0	7.98373121621341	
23.0	256.0	5888.0	7.984051262663548	
24.0	256.0	6144.0	7.98423066929235	
25.0	256.0	6400.0	7.984860248801939	
26.0	256.0	6656.0	7.908097402273431	
27.0	256.0	6912.0	7.915274580109455	
28.0	256.0	7168.0	7.916115425950402	
29.0	256.0	7424.0	7.943933969275703	
30.0	256.0	7680.0	7.928063613468187	
31.0	256.0	7936.0	7.9639184337868025	
32.0	256.0	8192.0	7.97279675142535	
64.0	256.0	16384.0	7.975921840109951	
128.0	256.0	32768.0	7.9850225047349035	
256.0	256.0	65536.0	7.978288131878545	
512.0	256.0	131072.0	7.977329782880059	
1024.0	256.0	262144.0	7.978569432759482	
2048.0	256.0	524288.0	7.97864697925085	
4096.0	256.0	1048576.0	7.978675644562545	
8192.0	256.0	2097152.0	7.929822687629942	
16384.0	256.0	4194304.0	7.9785397862982	
