#block size	threads per block	Total threads	FLOP/cy (using C instructions)
1.0	1.0	1.0	2.790190735694823	
1.0	2.0	2.0	5.580381471389646	
1.0	4.0	4.0	11.160762942779291	
1.0	8.0	8.0	22.321525885558582	
1.0	16.0	16.0	44.40108401084011	
1.0	32.0	32.0	87.84986595174263	
1.0	64.0	64.0	87.84986595174263	
1.0	128.0	128.0	87.84986595174263	
1.0	256.0	256.0	87.84986595174263	
2.0	256.0	512.0	87.84986595174263	
3.0	256.0	768.0	87.84986595174263	
4.0	256.0	1024.0	117.11353102138828	
5.0	256.0	1280.0	146.3673925181463	
6.0	256.0	1536.0	175.61145536761012	
7.0	256.0	1792.0	175.50962728278088	
8.0	256.0	2048.0	175.72641623068182	
9.0	256.0	2304.0	174.6947298272894	
10.0	256.0	2560.0	175.95180763325473	
11.0	256.0	2816.0	176.15589969149943	
12.0	256.0	3072.0	176.27569975624107	
13.0	256.0	3328.0	176.35780036095713	
14.0	256.0	3584.0	176.4234625357157	
15.0	256.0	3840.0	176.48635001851414	
16.0	256.0	4096.0	176.30997031237686	
17.0	256.0	4352.0	176.14288431656882	
18.0	256.0	4608.0	176.0176070129628	
19.0	256.0	4864.0	176.00590133376326	
20.0	256.0	5120.0	175.96472569909864	
21.0	256.0	5376.0	170.6669973551381	
22.0	256.0	5632.0	163.8202205699596	
23.0	256.0	5888.0	157.44024650174464	
24.0	256.0	6144.0	159.54268253060073	
25.0	256.0	6400.0	156.94942957470312	
26.0	256.0	6656.0	157.55667028826372	
27.0	256.0	6912.0	156.4751199682756	
28.0	256.0	7168.0	159.15979606384795	
29.0	256.0	7424.0	156.90947908321948	
30.0	256.0	7680.0	157.2922984611923	
31.0	256.0	7936.0	160.5263129304108	
32.0	256.0	8192.0	150.1607447526199	
64.0	256.0	16384.0	148.93661209522915	
128.0	256.0	32768.0	146.82998305442604	
256.0	256.0	65536.0	145.2623907226174	
512.0	256.0	131072.0	143.94384250473175	
1024.0	256.0	262144.0	144.30374829740438	
2048.0	256.0	524288.0	144.40247033321955	
