#block size	threads per block	Total threads	Theoretical GFLOP/s
1.0	1.0	1.0	0.05209572079949634	
1.0	2.0	2.0	0.10408090664227271	
1.0	4.0	4.0	0.2084372296575238	
1.0	8.0	8.0	0.416434735089659	
1.0	16.0	16.0	0.8306736802078712	
1.0	32.0	32.0	1.5300263230084106	
1.0	64.0	64.0	3.0637900002337486	
1.0	128.0	128.0	6.133529872834264	
1.0	256.0	256.0	12.21056308915918	
2.0	256.0	512.0	24.256309421915844	
3.0	256.0	768.0	36.21878220221407	
4.0	256.0	1024.0	47.98096458314267	
5.0	256.0	1280.0	59.74826067384999	
6.0	256.0	1536.0	71.4094252247344	
7.0	256.0	1792.0	70.93257569168624	
8.0	256.0	2048.0	80.4828621730141	
9.0	256.0	2304.0	89.96748192248477	
10.0	256.0	2560.0	89.57441355862706	
11.0	256.0	2816.0	97.95656032509692	
12.0	256.0	3072.0	105.77608903982919	
13.0	256.0	3328.0	102.96035741396044	
14.0	256.0	3584.0	110.29059341039117	
15.0	256.0	3840.0	117.34200729627501	
16.0	256.0	4096.0	113.664079781306	
17.0	256.0	4352.0	120.36036960639012	
18.0	256.0	4608.0	126.56827874788766	
19.0	256.0	4864.0	122.49343047742015	
20.0	256.0	5120.0	128.05471087500763	
21.0	256.0	5376.0	111.15450257062597	
22.0	256.0	5632.0	115.50044059921493	
23.0	256.0	5888.0	112.70900746805746	
24.0	256.0	6144.0	102.7618995118306	
25.0	256.0	6400.0	100.38273829240133	
26.0	256.0	6656.0	104.2565210574419	
27.0	256.0	6912.0	108.13715975043112	
28.0	256.0	7168.0	111.83085276366884	
29.0	256.0	7424.0	115.71462438710684	
30.0	256.0	7680.0	119.80918756177124	
31.0	256.0	7936.0	123.4992078478156	
32.0	256.0	8192.0	127.1205857003495	
64.0	256.0	16384.0	147.32396233746562	
128.0	256.0	32768.0	171.04685198117969	
256.0	256.0	65536.0	185.89783825353905	
512.0	256.0	131072.0	192.9549519760894	
1024.0	256.0	262144.0	194.87960913068966	
2048.0	256.0	524288.0	196.72885724672867	
4096.0	256.0	1048576.0	198.10813802370566	
8192.0	256.0	2097152.0	198.44710130455127	
