#block size	threads per block	Total threads	FLOP/cy (using C instructions)
1.0	1.0	1.0	0.24842309558466763	
1.0	2.0	2.0	0.49684619116933526	
1.0	4.0	4.0	0.9936923823386705	
1.0	8.0	8.0	1.987384764677341	
1.0	16.0	16.0	2.007597108197525	
1.0	32.0	32.0	2.017858242502617	
1.0	64.0	64.0	2.017858242502617	
1.0	128.0	128.0	2.017858242502617	
1.0	256.0	256.0	2.017858242502617	
2.0	256.0	512.0	2.017858242502617	
3.0	256.0	768.0	2.017858242502617	
4.0	256.0	1024.0	2.689897901595608	
5.0	256.0	1280.0	3.361647995403997	
6.0	256.0	1536.0	4.033108711037263	
7.0	256.0	1792.0	4.0228545371737	
8.0	256.0	2048.0	4.021396034696169	
9.0	256.0	2304.0	4.027758856458031	
10.0	256.0	2560.0	4.041565169128304	
11.0	256.0	2816.0	4.049295062629894	
12.0	256.0	3072.0	4.0447571923280545	
13.0	256.0	3328.0	4.048369617674268	
14.0	256.0	3584.0	4.040217047880216	
15.0	256.0	3840.0	4.029670985935411	
16.0	256.0	4096.0	4.041093029692028	
17.0	256.0	4352.0	4.041975725187793	
18.0	256.0	4608.0	4.037871475221293	
19.0	256.0	4864.0	4.035974013950819	
20.0	256.0	5120.0	4.034767672329041	
21.0	256.0	5376.0	4.0112540506293834	
22.0	256.0	5632.0	4.014022569258056	
23.0	256.0	5888.0	4.012427967285331	
24.0	256.0	6144.0	4.034388893057007	
25.0	256.0	6400.0	4.034014219937058	
26.0	256.0	6656.0	4.017491717222446	
27.0	256.0	6912.0	4.0123410634572725	
28.0	256.0	7168.0	4.017480891734562	
29.0	256.0	7424.0	4.0162993949274925	
30.0	256.0	7680.0	4.016727682537178	
31.0	256.0	7936.0	4.021886006382883	
32.0	256.0	8192.0	4.016480837692525	
64.0	256.0	16384.0	4.031720341541937	
128.0	256.0	32768.0	4.036661276340397	
256.0	256.0	65536.0	4.030389325623554	
512.0	256.0	131072.0	4.030603343891324	
1024.0	256.0	262144.0	4.030701812637018	
2048.0	256.0	524288.0	4.03067043163244	
4096.0	256.0	1048576.0	4.030581242797645	
8192.0	256.0	2097152.0	4.030438962644534	
16384.0	256.0	4194304.0	4.02428185646852	
