#block size	threads per block	Total threads	FLOP/cy (using C instructions)
1.0	1.0	1.0	3.4420168067226893	
1.0	2.0	2.0	6.884033613445379	
1.0	4.0	4.0	13.768067226890757	
1.0	8.0	8.0	27.536134453781514	
1.0	16.0	16.0	55.07226890756303	
1.0	32.0	32.0	110.14453781512606	
1.0	64.0	64.0	110.14453781512606	
1.0	128.0	128.0	110.14453781512606	
1.0	256.0	256.0	110.14453781512606	
2.0	256.0	512.0	110.14453781512606	
3.0	256.0	768.0	110.14453781512604	
4.0	256.0	1024.0	146.20412716118238	
5.0	256.0	1280.0	181.94336479733482	
6.0	256.0	1536.0	217.36650082918737	
7.0	256.0	1792.0	218.6094829640219	
8.0	256.0	2048.0	219.55108877721943	
9.0	256.0	2304.0	220.28907563025209	
10.0	256.0	2560.0	219.66147142617731	
11.0	256.0	2816.0	219.83563314782344	
12.0	256.0	3072.0	219.39796345375925	
13.0	256.0	3328.0	219.38501649633864	
14.0	256.0	3584.0	219.86017672607457	
15.0	256.0	3840.0	220.12875776745227	
16.0	256.0	4096.0	219.72936584854756	
17.0	256.0	4352.0	219.7784682152192	
18.0	256.0	4608.0	219.38266266824743	
19.0	256.0	4864.0	219.54383065004902	
20.0	256.0	5120.0	219.64306661080855	
21.0	256.0	5376.0	210.92854132342234	
22.0	256.0	5632.0	208.7870466743296	
23.0	256.0	5888.0	208.82542211446878	
24.0	256.0	6144.0	209.88310648518814	
25.0	256.0	6400.0	215.35049166591364	
26.0	256.0	6656.0	215.89819206981477	
27.0	256.0	6912.0	210.93864413598874	
28.0	256.0	7168.0	213.01078108449295	
29.0	256.0	7424.0	212.5189849532103	
30.0	256.0	7680.0	216.306788879797	
31.0	256.0	7936.0	218.1850009732654	
32.0	256.0	8192.0	218.38508799333542	
64.0	256.0	16384.0	222.57960564501417	
128.0	256.0	32768.0	219.76030624842406	
256.0	256.0	65536.0	219.2193880634313	
512.0	256.0	131072.0	219.42313071526252	
1024.0	256.0	262144.0	219.26357182925105	
2048.0	256.0	524288.0	219.28815591909958	
