#block size	threads per block	Total threads	IPC/EU GEN
1.0	1.0	1.0	0.45652173913043476	
1.0	2.0	2.0	0.9130434782608695	
1.0	4.0	4.0	1.826086956521739	
1.0	8.0	8.0	3.652173913043478	
1.0	16.0	16.0	4.097560975609756	
1.0	32.0	32.0	4.363636363636363	
1.0	64.0	64.0	4.363636363636363	
1.0	128.0	128.0	4.363636363636363	
1.0	256.0	256.0	4.363636363636363	
2.0	256.0	512.0	4.363636363636363	
3.0	256.0	768.0	4.363636363636363	
4.0	256.0	1024.0	5.354581673306773	
5.0	256.0	1280.0	6.199261992619927	
6.0	256.0	1536.0	6.927835051546392	
7.0	256.0	1792.0	7.236923076923077	
8.0	256.0	2048.0	7.487465181058496	
9.0	256.0	2304.0	7.694656488549619	
10.0	256.0	2560.0	7.384615384615385	
11.0	256.0	2816.0	7.275590551181103	
12.0	256.0	3072.0	7.18716577540107	
13.0	256.0	3328.0	7.249792531120332	
14.0	256.0	3584.0	7.3214007782101165	
15.0	256.0	3840.0	7.433628318584071	
16.0	256.0	4096.0	7.364383561643836	
17.0	256.0	4352.0	7.389391979301423	
18.0	256.0	4608.0	7.411764705882353	
19.0	256.0	4864.0	7.371824480369515	
20.0	256.0	5120.0	7.329243353783231	
21.0	256.0	5376.0	7.1629972717467165	
22.0	256.0	5632.0	7.172346876895088	
23.0	256.0	5888.0	7.044667274384685	
24.0	256.0	6144.0	7.1052370725260205	
25.0	256.0	6400.0	7.045502201719438	
26.0	256.0	6656.0	7.011939400020066	
27.0	256.0	6912.0	7.036308109942314	
28.0	256.0	7168.0	7.015332991564525	
29.0	256.0	7424.0	6.989016900524499	
30.0	256.0	7680.0	7.012173913043478	
31.0	256.0	7936.0	6.976557267247153	
32.0	256.0	8192.0	7.0447174447174445	
64.0	256.0	16384.0	6.383376623376623	
128.0	256.0	32768.0	5.772498490034226	
256.0	256.0	65536.0	5.454536807311524	
512.0	256.0	131072.0	5.297193894734006	
1024.0	256.0	262144.0	5.211398191685844	
2048.0	256.0	524288.0	5.1967330108635315	
4096.0	256.0	1048576.0	5.175322328104604	
8192.0	256.0	2097152.0	5.161304960655769	
16384.0	256.0	4194304.0	5.1581578710346685	
